Time,Price $,Volume,Value $,Market,Condition
4:10:40 PM,2.08,51166,106425.28,ASX,
4:10:40 PM,2.08,2403,4998.24,ASX,
4:10:40 PM,2.08,6815,14175.2,ASX,
4:10:40 PM,2.08,389,809.12,ASX,
4:10:40 PM,2.08,1227,2552.16,ASX,
4:10:40 PM,2.08,4943,10281.44,ASX,
4:10:40 PM,2.08,167,347.36,ASX,
4:10:40 PM,2.08,2157,4486.56,ASX,
4:10:40 PM,2.08,1974,4105.92,ASX,
4:10:40 PM,2.08,4000,8320,ASX,
3:59:51 PM,2.09,7,14.63,ASX,
3:59:14 PM,2.09,15,31.35,ASX,
3:58:30 PM,2.09,22,45.98,ASX,
3:57:12 PM,2.09,61,127.49,CXA,
3:57:11 PM,2.09,311,649.99,CXA,
3:57:11 PM,2.09,172,359.48,CXA,
3:57:10 PM,2.09,6982,14592.38,ASX,
3:57:10 PM,2.09,2518,5262.62,ASX,
3:57:02 PM,2.09,60,125.4,CXA,
3:57:01 PM,2.09,7,14.63,ASX,
3:57:00 PM,2.09,301,629.09,CXA,
3:57:00 PM,2.08,2800,5824,ASX,XT
3:57:00 PM,2.08,78,162.24,ASX,
3:57:00 PM,2.08,52,108.16,ASX,
3:57:00 PM,2.08,2800,5824,ASX,
3:57:00 PM,2.08,3880,8070.4,ASX,
3:55:04 PM,2.09,1577,3295.93,ASX,
3:55:04 PM,2.09,200,418,ASX,
3:55:04 PM,2.09,3223,6736.07,ASX,
3:53:10 PM,2.08,120,249.6,ASX,
3:53:09 PM,2.09,910,1901.9,CXA,
3:53:09 PM,2.09,90,188.1,CXA,
3:52:38 PM,2.09,82,171.38,ASX,
3:49:02 PM,2.09,695,1452.55,ASX,
3:49:02 PM,2.09,3505,7325.45,ASX,
3:47:18 PM,2.08,2143,4457.44,CXA,
3:47:18 PM,2.08,257,534.56,CXA,
3:46:10 PM,2.09,431,900.79,CXA,
3:46:10 PM,2.09,489,1022.01,CXA,
3:46:10 PM,2.09,80,167.2,CXA,
3:44:23 PM,2.09,7,14.63,ASX,
3:44:20 PM,2.09,10,20.9,ASX,
3:44:18 PM,2.09,3,6.27,ASX,
3:44:12 PM,2.09,12,25.08,ASX,
3:44:10 PM,2.09,5,10.45,ASX,
3:44:04 PM,2.09,16,33.44,ASX,
3:43:52 PM,2.09,16,33.44,ASX,
3:43:43 PM,2.09,14,29.26,ASX,
3:43:31 PM,2.09,16,33.44,ASX,
3:43:23 PM,2.09,13,27.17,ASX,
3:43:15 PM,2.09,14,29.26,ASX,
3:43:05 PM,2.09,18,37.62,ASX,
3:42:54 PM,2.09,13,27.17,ASX,
3:42:46 PM,2.09,12,25.08,ASX,
3:42:39 PM,2.09,12,25.08,ASX,
3:42:32 PM,2.09,10,20.9,ASX,
3:42:25 PM,2.09,11,22.99,ASX,
3:42:22 PM,2.09,5102,10663.18,ASX,
3:42:16 PM,2.09,15,31.35,ASX,
3:42:11 PM,2.09,11,22.99,ASX,
3:42:03 PM,2.09,10,20.9,ASX,
3:41:57 PM,2.09,9,18.81,ASX,
3:41:47 PM,2.09,19,39.71,ASX,
3:41:41 PM,2.09,11,22.99,ASX,
3:41:32 PM,2.09,9,18.81,ASX,
3:41:26 PM,2.09,10,20.9,ASX,
3:41:16 PM,2.09,108,225.72,ASX,
3:41:15 PM,2.09,570,1191.3,CXA,
3:41:14 PM,2.08,170,353.6,ASX,
3:41:14 PM,2.08,10000,20800,ASX,
3:41:14 PM,2.08,1576,3278.08,ASX,
3:41:14 PM,2.08,621,1291.68,ASX,
3:41:14 PM,2.08,545,1133.6,ASX,
3:41:14 PM,2.08,100,208,CXA,
3:41:14 PM,2.08,4300,8944,CXA,
3:41:14 PM,2.08,276,574.08,CXA,
3:41:14 PM,2.08,301,626.08,CXA,
3:39:35 PM,2.08,401,834.08,CXA,
3:39:35 PM,2.08,1500,3120,CXA,
3:39:35 PM,2.08,99,205.92,CXA,
3:38:43 PM,2.08,300,624,CXA,
3:37:40 PM,2.08,19,39.52,ASX,
3:37:27 PM,2.08,954,1984.32,ASX,
3:35:38 PM,2.08,2482,5162.56,ASX,
3:35:38 PM,2.08,18,37.44,ASX,
3:32:50 PM,2.07,4300,8901,CXA,
3:32:15 PM,2.08,364,757.12,ASX,
3:32:15 PM,2.08,24,49.92,ASX,
3:32:15 PM,2.08,1,2.08,ASX,
3:32:15 PM,2.08,33,68.64,CXA,
3:32:15 PM,2.08,577,1200.16,CXA,
3:32:15 PM,2.08,1,2.08,CXA,
3:31:10 PM,2.07,5540,11467.8,ASX,
3:31:10 PM,2.07,2500,5175,ASX,
3:31:10 PM,2.07,4000,8280,ASX,
3:30:13 PM,2.08,3,6.24,ASX,
3:30:13 PM,2.08,4095,8517.6,ASX,
3:30:13 PM,2.08,49,101.92,ASX,
3:30:07 PM,2.08,1701,3538.08,ASX,
3:30:07 PM,2.08,12809,26642.72,ASX,
3:29:25 PM,2.08,52,108.16,ASX,
3:29:25 PM,2.08,250,520,ASX,
3:29:25 PM,2.08,1039,2161.12,ASX,
3:29:09 PM,2.08,2961,6158.88,ASX,
3:29:09 PM,2.08,52,108.16,ASX,
3:29:09 PM,2.08,1500,3120,CXA,
3:29:09 PM,2.08,7,14.56,CXA,
3:27:53 PM,2.09,189,395.01,ASX,
3:27:53 PM,2.09,26,54.34,CXA,
3:27:53 PM,2.09,12,25.08,CXA,
3:27:53 PM,2.09,1550,3239.5,CXA,
3:27:53 PM,2.09,1,2.09,CXA,
3:27:53 PM,2.09,2000,4180,CXA,
3:27:53 PM,2.09,922,1926.98,CXA,
3:24:33 PM,2.09,28,58.52,CXA,
3:24:32 PM,2.09,9,18.81,ASX,
3:24:32 PM,2.08,36,74.88,ASX,
3:24:32 PM,2.08,2000,4160,ASX,
3:24:32 PM,2.08,1000,2080,ASX,
3:24:32 PM,2.08,52,108.16,ASX,
3:24:32 PM,2.08,480,998.4,ASX,
3:24:32 PM,2.08,2500,5200,ASX,
3:24:32 PM,2.08,4000,8320,ASX,
3:24:32 PM,2.08,382,794.56,CXA,
3:24:32 PM,2.08,1550,3224,CXA,
3:22:25 PM,2.09,40,83.6,ASX,
3:21:26 PM,2.08,950,1976,CXA,
3:21:26 PM,2.08,50,104,CXA,
3:18:40 PM,2.09,4384,9162.56,ASX,
3:15:21 PM,2.09,4867,10172.03,ASX,
3:15:10 PM,2.09,1500,3135,ASX,
3:14:10 PM,2.09,97,202.73,ASX,
3:14:10 PM,2.09,2445,5110.05,ASX,
3:14:10 PM,2.09,55,114.95,ASX,
3:12:33 PM,2.09,2500,5225,ASX,
3:11:34 PM,2.09,5000,10450,ASX,
3:10:14 PM,2.1,390,819,ASX,XT
3:10:14 PM,2.1,61,128.1,ASX,
3:10:14 PM,2.1,549,1152.9,ASX,
3:08:08 PM,2.1,3000,6300,ASX,
3:07:27 PM,2.1,1,2.1,ASX,
3:05:58 PM,2.08,8458,17592.64,ASX,
3:00:18 PM,2.1,450,945,ASX,
2:57:26 PM,2.09,250,522.5,ASX,
2:57:26 PM,2.09,2534,5296.06,ASX,
2:57:26 PM,2.09,136,284.24,ASX,
2:57:26 PM,2.09,4000,8360,ASX,
2:54:49 PM,2.09,2000,4180,CXA,
2:54:22 PM,2.09,1973,4123.57,ASX,
2:54:22 PM,2.09,3027,6326.43,ASX,
2:54:22 PM,2.09,5000,10450,ASX,
2:52:26 PM,2.08,5667,11787.36,ASX,
2:50:57 PM,2.08,31,64.48,ASX,
2:50:57 PM,2.08,52,108.16,ASX,
2:50:57 PM,2.08,4000,8320,ASX,
2:50:57 PM,2.08,2000,4160,CXA,
2:49:37 PM,2.09,1715,3584.35,ASX,
2:49:37 PM,2.09,22,45.98,ASX,
2:49:37 PM,2.09,18,37.62,ASX,
2:49:37 PM,2.09,8245,17232.05,ASX,
2:47:27 PM,2.09,1,2.09,ASX,
2:47:26 PM,2.09,1405,2936.45,ASX,
2:45:43 PM,2.09,14,29.26,ASX,
2:41:00 PM,2.09,335,700.15,ASX,
2:41:00 PM,2.09,1665,3479.85,ASX,
2:39:10 PM,2.09,2335,4880.15,ASX,
2:39:10 PM,2.08,12665,26343.2,ASX,
2:38:46 PM,2.08,470,977.6,ASX,
2:37:28 PM,2.08,7,14.56,ASX,
2:34:19 PM,2.08,2397,4985.76,ASX,
2:33:09 PM,2.08,500,1040,ASX,
2:30:45 PM,2.08,53,110.24,ASX,
2:30:32 PM,2.08,3500,7280,ASX,
2:30:32 PM,2.08,1500,3120,CXA,
2:28:25 PM,2.08,350,728,ASX,
2:28:21 PM,2.07,324,670.68,ASX,
2:28:21 PM,2.07,41,84.87,ASX,
2:28:21 PM,2.07,5000,10350,ASX,
2:28:21 PM,2.07,1500,3105,CXA,
2:28:21 PM,2.07,1928,3990.96,CXA,
2:24:12 PM,2.08,58,120.64,ASX,
2:24:12 PM,2.08,4742,9863.36,ASX,
2:23:49 PM,2.08,955,1986.4,ASX,
2:23:49 PM,2.08,12020,25001.6,ASX,
2:23:02 PM,2.08,1634,3398.72,ASX,
2:23:02 PM,2.08,4976,10350.08,CXA,
2:23:02 PM,2.08,500,1040,CXA,
2:23:02 PM,2.08,90,187.2,CXA,
2:22:30 PM,2.08,41,85.28,ASX,
2:19:41 PM,2.08,230,478.4,ASX,
2:19:34 PM,2.08,1117,2323.36,ASX,
2:19:34 PM,2.08,6227,12952.16,ASX,
2:19:34 PM,2.08,97,201.76,ASX,
2:19:34 PM,2.08,3562,7408.96,ASX,
2:19:34 PM,2.08,24,49.92,CXA,
2:19:34 PM,2.08,90,187.2,CXA,
2:15:57 PM,2.08,438,911.04,ASX,
2:15:57 PM,2.08,19963,41523.04,ASX,
2:00:48 PM,2.08,9,18.72,ASX,
1:59:44 PM,2.07,10000,20700,ASX,
1:55:21 PM,2.09,24,50.16,CXA,
1:55:21 PM,2.08,97,201.76,ASX,
1:55:21 PM,2.08,2469,5135.52,ASX,
1:55:21 PM,2.08,9507,19774.56,ASX,XT
1:55:21 PM,2.08,24,49.92,CXA,
1:55:21 PM,2.08,24,49.92,CXA,
1:52:32 PM,2.08,441,917.28,ASX,
1:52:32 PM,2.08,52,108.16,ASX,
1:51:55 PM,2.08,2004,4168.32,ASX,
1:51:55 PM,2.08,14270,29681.6,ASX,
1:51:55 PM,2.08,5000,10400,ASX,
1:51:55 PM,2.08,2850,5928,ASX,
1:51:55 PM,2.09,3000,6270,ASX,
1:51:55 PM,2.09,824,1722.16,ASX,
1:51:55 PM,2.09,52,108.68,ASX,
1:51:55 PM,2.09,2000,4180,ASX,
1:50:53 PM,2.1,390,819,CXA,
1:50:53 PM,2.1,110,231,CXA,
1:37:48 PM,2.11,9500,20045,ASX,
1:34:29 PM,2.1,38,79.8,ASX,
1:34:29 PM,2.1,52,109.2,ASX,
1:34:20 PM,2.11,3000,6330,ASX,
1:21:37 PM,2.13,30,63.9,ASX,
1:18:43 PM,2.13,417,888.21,ASX,
1:18:43 PM,2.13,1440,3067.2,ASX,
1:18:43 PM,2.13,4000,8520,ASX,
1:18:43 PM,2.13,6969,14843.97,ASX,
1:18:43 PM,2.13,4204,8954.52,ASX,
1:18:43 PM,2.12,1500,3180,ASX,
1:18:43 PM,2.11,49,103.39,ASX,
1:18:43 PM,2.11,1131,2386.41,ASX,
1:18:43 PM,2.11,3328,7022.08,ASX,
1:18:42 PM,2.11,90,189.9,CXA,
1:18:42 PM,2.11,3000,6330,CXA,
1:18:42 PM,2.1,3872,8131.2,ASX,
1:15:32 PM,2.1,41,86.1,ASX,
1:12:31 PM,2.1,1187,2492.7,ASX,
1:12:31 PM,2.1,813,1707.3,CXA,
1:09:46 PM,2.11,672,1417.92,ASX,
1:07:30 PM,2.1,25,52.5,ASX,
1:06:12 PM,2.1,937,1967.7,ASX,
1:06:12 PM,2.1,28,58.8,ASX,
1:06:12 PM,2.1,100,210,ASX,
1:06:12 PM,2.1,435,913.5,CXA,
1:06:12 PM,2.1,750,1575,CXA,
1:04:37 PM,2.1,250,525,CXA,
1:04:35 PM,2.08,1150,2392,ASX,
1:03:47 PM,2.1,2000,4200,ASX,XT
1:02:46 PM,2.1,2500,5250,ASX,
1:01:23 PM,2.1,2500,5250,ASX,
1:01:22 PM,2.09,1431,2990.79,ASX,
1:01:22 PM,2.09,3259,6811.31,ASX,
1:01:16 PM,2.09,741,1548.69,ASX,
1:01:16 PM,2.09,169,353.21,ASX,
1:01:16 PM,2.09,90,188.1,CXA,
1:00:40 PM,2.09,4831,10096.79,ASX,
1:00:40 PM,2.09,6517,13620.53,ASX,
1:00:40 PM,2.09,80,167.2,CXA,
1:00:40 PM,2.09,8572,17915.48,CXA,
1:00:12 PM,2.08,370,769.6,ASX,
1:00:12 PM,2.08,110,228.8,CXA,
12:59:23 PM,2.08,3000,6240,ASX,
12:59:11 PM,2.08,3000,6240,ASX,
12:59:11 PM,2.08,2000,4160,ASX,
12:58:38 PM,2.08,52,108.16,ASX,
12:58:38 PM,2.08,4000,8320,ASX,
12:58:38 PM,2.08,144,299.52,ASX,
12:56:01 PM,2.09,510,1065.9,CXA,
12:55:26 PM,2.09,471,984.39,ASX,
12:54:08 PM,2.09,12,25.08,ASX,
12:53:39 PM,2.09,2000,4180,CXA,
12:51:16 PM,2.09,334,698.06,CXA,
12:47:22 PM,2.09,3000,6270,ASX,XT
12:47:15 PM,2.09,4900,10241,CXA,
12:47:15 PM,2.09,100,209,CXA,
12:46:29 PM,2.08,97,201.76,ASX,
12:46:29 PM,2.08,759,1578.72,ASX,
12:45:51 PM,2.08,3000,6240,ASX,
12:45:47 PM,2.08,2489,5177.12,ASX,
12:45:47 PM,2.08,9400,19552,ASX,
12:45:38 PM,2.08,5000,10400,ASX,
12:45:12 PM,2.08,7684,15982.72,ASX,
12:45:12 PM,2.08,24,49.92,CXA,
12:45:12 PM,2.08,970,2017.6,CXA,
12:45:12 PM,2.08,80,166.4,CXA,
12:45:12 PM,2.08,650,1352,CXA,
12:45:12 PM,2.08,3000,6240,CXA,
12:38:41 PM,2.08,6000,12480,ASX,
12:38:41 PM,2.08,4000,8320,ASX,
12:36:29 PM,2.06,970,1998.2,CXA,
12:33:16 PM,2.08,2000,4160,CXA,
12:32:35 PM,2.07,110,227.7,ASX,
12:32:35 PM,2.07,4000,8280,ASX,
12:32:35 PM,2.07,890,1842.3,ASX,
12:32:31 PM,2.07,4000,8280,ASX,
12:32:31 PM,2.07,110,227.7,CXA,
12:30:07 PM,2.06,1851,3813.06,ASX,
12:30:07 PM,2.06,149,306.94,ASX,
12:30:07 PM,2.06,1549,3190.94,ASX,
12:30:06 PM,2.06,10000,20600,ASX,
12:29:36 PM,2.06,3451,7109.06,ASX,
12:29:36 PM,2.06,3000,6180,CXA,
12:29:36 PM,2.06,1650,3399,CXA,
12:29:36 PM,2.06,90,185.4,CXA,
12:29:36 PM,2.06,1809,3726.54,CXA,
12:25:22 PM,2.06,3996,8231.76,CXA,
12:23:07 PM,2.05,1661,3405.05,ASX,
12:23:07 PM,2.05,2797,5733.85,ASX,
12:22:03 PM,2.06,1195,2461.7,CXA,
12:22:03 PM,2.06,11000,22660,CXA,
12:21:55 PM,2.05,295,604.75,ASX,
12:21:55 PM,2.05,1650,3382.5,CXA,
12:21:55 PM,2.05,3000,6150,CXA,
12:17:29 PM,2.05,14228,29167.4,ASX,
12:17:29 PM,2.05,2600,5330,ASX,
12:17:29 PM,2.05,80,164,CXA,
12:15:51 PM,2.05,95,194.75,ASX,
12:15:51 PM,2.05,1305,2675.25,ASX,
12:15:51 PM,2.05,678,1389.9,ASX,
12:15:51 PM,2.05,5969,12236.45,ASX,
12:15:51 PM,2.05,6900,14145,ASX,
12:15:51 PM,2.05,100,205,CXA,
12:15:49 PM,2.05,8000,16400,ASX,
12:15:48 PM,2.05,4000,8200,ASX,
12:15:48 PM,2.05,678,1389.9,ASX,
12:15:48 PM,2.05,7765,15918.25,ASX,
12:15:48 PM,2.05,11000,22550,ASX,
12:15:46 PM,2.05,6104,12513.2,ASX,
12:15:46 PM,2.05,678,1389.9,ASX,
12:15:46 PM,2.05,2490,5104.5,ASX,
12:15:46 PM,2.05,20000,41000,ASX,
12:15:46 PM,2.05,728,1492.4,ASX,
12:15:38 PM,2.05,4000,8200,ASX,
12:15:38 PM,2.05,25272,51807.6,ASX,
12:15:38 PM,2.05,15000,30750,ASX,
12:15:38 PM,2.05,20000,41000,ASX,
12:15:38 PM,2.05,2869,5881.45,ASX,XT
12:15:36 PM,2.05,8000,16400,ASX,
12:14:25 PM,2.05,10000,20500,ASX,
12:14:14 PM,2.05,4000,8200,ASX,
12:14:04 PM,2.05,678,1389.9,ASX,
12:14:04 PM,2.05,1761,3610.05,ASX,
12:12:25 PM,2.05,444,910.2,ASX,
12:12:25 PM,2.05,307,629.35,ASX,
12:12:25 PM,2.05,2249,4610.45,ASX,
12:09:29 PM,2.05,10000,20500,ASX,XT
12:07:41 PM,2.05,2000,4100,ASX,
12:06:44 PM,2.05,751,1539.55,ASX,XT
12:06:44 PM,2.05,1000,2050,ASX,
12:06:44 PM,2.05,7059,14470.95,ASX,
12:06:44 PM,2.05,110,225.5,CXA,
12:06:44 PM,2.05,1080,2214,CXA,
12:06:09 PM,2.05,5000,10250,CXA,
12:03:31 PM,2.05,1920,3936,CXA,
12:03:31 PM,2.05,80,164,CXA,
12:01:51 PM,2.04,245,499.8,ASX,
12:01:21 PM,2.04,1581,3225.24,ASX,
12:01:21 PM,2.04,7200,14688,ASX,
12:00:14 PM,2.04,4900,9996,ASX,
11:59:07 AM,2.04,4184,8535.36,ASX,
11:59:07 AM,2.04,5781,11793.24,ASX,
11:59:07 AM,2.04,21109,43062.36,ASX,
11:59:07 AM,2.04,21420,43696.8,ASX,
11:59:07 AM,2.04,2000,4080,ASX,
11:53:48 AM,2.04,250,510,ASX,
11:53:35 AM,2.04,1480,3019.2,CXA,
11:53:35 AM,2.04,1020,2080.8,CXA,
11:52:47 AM,2.04,2000,4080,ASX,
11:51:37 AM,2.04,480,979.2,CXA,
11:49:33 AM,2.04,5000,10200,ASX,
11:47:46 AM,2.03,371,753.13,ASX,
11:47:46 AM,2.03,2129,4321.87,ASX,
11:47:46 AM,2.03,10000,20300,ASX,
11:47:46 AM,2.03,4000,8120,ASX,
11:47:46 AM,2.03,12000,24360,CXA,
11:47:46 AM,2.03,1500,3045,CXA,
11:46:23 AM,2.04,4000,8160,ASX,
11:44:16 AM,2.04,15330,31273.2,ASX,
11:44:16 AM,2.04,5000,10200,ASX,XT
11:44:16 AM,2.04,191,389.64,ASX,
11:44:16 AM,2.03,64869,131684.07,ASX,
11:44:15 AM,2.04,14530,29641.2,CXA,
11:44:15 AM,2.03,80,162.4,CXA,
11:43:16 AM,2.03,24150,49024.5,ASX,
11:42:25 AM,2.03,4871,9888.13,ASX,
11:42:23 AM,2.02,1355,2737.1,ASX,
11:42:23 AM,2.02,2000,4040,ASX,
11:42:23 AM,2.02,1301,2628.02,ASX,
11:41:52 AM,2.03,5030,10210.9,ASX,
11:40:47 AM,2.03,9290,18858.7,ASX,
11:40:47 AM,2.03,110,223.3,CXA,
11:40:47 AM,2.03,600,1218,CXA,
11:40:04 AM,2.03,1000,2030,CXA,
11:35:03 AM,2.03,400,812,CXA,
11:35:03 AM,2.03,90,182.7,CXA,
11:32:21 AM,2.02,1699,3431.98,ASX,XT
11:32:21 AM,2.02,4000,8080,ASX,
11:32:21 AM,2.02,3301,6668.02,ASX,
11:32:21 AM,2.02,2000,4040,CXA,
11:30:42 AM,2.03,3500,7105,ASX,
11:29:50 AM,2.03,8000,16240,ASX,
11:29:46 AM,2.03,10000,20300,ASX,
11:29:39 AM,2.03,6000,12180,ASX,
11:25:23 AM,2.02,1699,3431.98,ASX,
11:24:43 AM,2.03,2290,4648.7,ASX,
11:24:43 AM,2.03,2600,5278,CXA,
11:24:43 AM,2.03,110,223.3,CXA,
11:17:04 AM,2.03,2700,5481,ASX,XT
11:15:21 AM,2.02,756,1527.12,ASX,
11:15:06 AM,2.02,444,896.88,ASX,
11:15:06 AM,2.02,4800,9696,ASX,
11:15:06 AM,2.02,4000,8080,ASX,
11:14:30 AM,2.03,446,905.38,ASX,
11:14:30 AM,2.03,4000,8120,ASX,
11:14:30 AM,2.03,1472,2988.16,ASX,XT
11:14:30 AM,2.03,492,998.76,ASX,
11:14:30 AM,2.03,2504,5083.12,ASX,
11:14:30 AM,2.03,386,783.58,ASX,
11:14:04 AM,2.04,509,1038.36,ASX,
11:13:51 AM,2.03,2114,4291.42,ASX,
11:13:51 AM,2.03,823,1670.69,ASX,
11:13:51 AM,2.03,3000,6090,ASX,
11:13:51 AM,2.03,4063,8247.89,ASX,
11:10:18 AM,2.04,470,958.8,CXA,
11:10:18 AM,2.04,110,224.4,CXA,
11:10:18 AM,2.04,357,728.28,CXA,
11:10:18 AM,2.04,563,1148.52,CXA,
11:09:46 AM,2.03,437,887.11,ASX,
11:09:46 AM,2.03,10563,21442.89,ASX,
11:09:46 AM,2.03,1500,3045,CXA,
11:09:24 AM,2.04,3000,6120,CXA,
11:05:24 AM,2.04,3000,6120,ASX,
11:02:48 AM,2.04,1800,3672,ASX,
11:02:48 AM,2.04,500,1020,ASX,
11:02:48 AM,2.04,5000,10200,ASX,
11:01:08 AM,2.04,1000,2040,CXA,
11:00:53 AM,2.04,437,891.48,CXA,
11:00:53 AM,2.03,4000,8120,ASX,
11:00:53 AM,2.03,5000,10150,CXA,
10:58:48 AM,2.03,43,87.29,CXA,
10:58:48 AM,2.03,110,223.3,CXA,
10:58:48 AM,2.03,448,909.44,CXA,
10:58:48 AM,2.03,399,809.97,CXA,
10:57:13 AM,2.02,11337,22900.74,ASX,
10:57:13 AM,2.02,400,808,CXA,
10:57:13 AM,2.02,815,1646.3,CXA,
10:57:13 AM,2.02,5000,10100,CXA,
10:57:13 AM,2.02,448,904.96,CXA,
10:57:02 AM,2.03,400,812,CXA,
10:56:53 AM,2.03,16103,32689.09,ASX,
10:56:45 AM,2.03,725,1471.75,ASX,
10:56:32 AM,2.03,1279,2596.37,ASX,
10:56:32 AM,2.03,1893,3842.79,ASX,
10:56:32 AM,2.03,5000,10150,ASX,
10:56:32 AM,2.03,9507,19299.21,ASX,
10:56:32 AM,2.03,799,1621.97,CXA,
10:54:39 AM,2.03,22094,44850.82,ASX,
10:54:39 AM,2.03,831,1686.93,CXA,
10:54:39 AM,2.03,828,1680.84,CXA,
10:54:39 AM,2.03,1247,2531.41,CXA,
10:53:41 AM,2.03,1590,3227.7,CXA,
10:53:41 AM,2.03,4000,8120,ASX,
10:53:41 AM,2.03,5000,10150,ASX,
10:53:25 AM,2.03,1410,2862.3,CXA,
10:53:25 AM,2.03,90,182.7,CXA,
10:53:09 AM,2.03,4000,8120,ASX,
10:52:38 AM,2.02,619,1250.38,ASX,
10:52:38 AM,2.02,3000,6060,CXA,
10:52:38 AM,2.02,1042,2104.84,CXA,
10:52:38 AM,2.02,339,684.78,CXA,
10:52:25 AM,2.02,3644,7360.88,ASX,
10:52:25 AM,2.02,1356,2739.12,ASX,
10:50:51 AM,2.03,1767,3587.01,ASX,
10:50:51 AM,2.04,5000,10200,ASX,
10:50:51 AM,2.03,456,925.68,CXA,
10:50:26 AM,2.03,1233,2502.99,ASX,
10:50:26 AM,2.03,2,4.06,ASX,
10:50:26 AM,2.03,1013,2056.39,ASX,
10:50:26 AM,2.03,809,1642.27,ASX,
10:50:26 AM,2.03,251,509.53,ASX,
10:49:28 AM,2.03,4000,8120,ASX,
10:49:28 AM,2.03,2669,5418.07,ASX,
10:49:28 AM,2.03,3000,6090,CXA,
10:49:28 AM,2.03,80,162.4,CXA,
10:49:13 AM,2.02,1006,2032.12,ASX,
10:49:13 AM,2.02,1654,3341.08,ASX,
10:49:13 AM,2.02,3800,7676,ASX,
10:48:39 AM,2.02,1388,2803.76,ASX,
10:45:46 AM,2.02,2400,4848,CXA,
10:45:46 AM,2.02,100,202,CXA,
10:44:36 AM,2.01,1647,3310.47,ASX,
10:44:36 AM,2.01,100,201,CXA,
10:44:36 AM,2.01,753,1513.53,CXA,
10:43:13 AM,2.01,497,998.97,CXA,
10:42:17 AM,2.01,250,502.5,CXA,
10:41:36 AM,2,3000,6000,ASX,
10:41:36 AM,2,3980,7960,ASX,
10:41:26 AM,2,510,1020,ASX,
10:41:22 AM,2,510,1020,ASX,
10:40:11 AM,2,2078,4156,ASX,
10:39:49 AM,2,1500,3000,ASX,
10:39:39 AM,2,189,378,ASX,
10:39:39 AM,2,1811,3622,ASX,
10:39:03 AM,2.01,1819,3656.19,CXA,
10:39:03 AM,2.01,259,520.59,CXA,
10:38:57 AM,2.01,100,201,ASX,
10:38:57 AM,2.01,895,1798.95,ASX,
10:38:57 AM,2.01,698,1402.98,ASX,
10:38:57 AM,2.01,3302,6637.02,ASX,
10:38:57 AM,2.01,137,275.37,ASX,
10:38:57 AM,2.01,6424,12912.24,ASX,
10:38:57 AM,2.01,2111,4243.11,ASX,
10:38:57 AM,2.01,137,275.37,ASX,
10:38:57 AM,2.01,2111,4243.11,ASX,
10:38:57 AM,2.01,137,275.37,ASX,
10:38:57 AM,2.01,7583,15241.83,ASX,
10:38:57 AM,2.01,10000,20100,ASX,
10:38:24 AM,2.01,6484,13032.84,ASX,
10:37:55 AM,2.01,11574,23263.74,ASX,
10:37:55 AM,2.01,1527,3069.27,ASX,
10:37:55 AM,2.01,1221,2454.21,CXA,
10:37:55 AM,2.01,178,357.78,CXA,
10:37:54 AM,2.02,1230,2484.6,ASX,
10:37:31 AM,2.01,1100,2211,ASX,
10:37:31 AM,2.01,4000,8040,ASX,
10:37:31 AM,2.01,6000,12060,CXA,
10:37:31 AM,2.01,1500,3015,CXA,
10:37:31 AM,2.01,1900,3819,CXA,
10:36:49 AM,2.02,500,1010,CXA,
10:36:35 AM,2.02,5000,10100,ASX,
10:36:35 AM,2.02,4000,8080,ASX,
10:36:35 AM,2.02,2326,4698.52,ASX,
10:36:17 AM,2.03,410,832.3,ASX,XT
10:36:17 AM,2.03,90,182.7,CXA,
10:34:57 AM,2.03,3920,7957.6,ASX,XT
10:34:57 AM,2.03,80,162.4,CXA,
10:34:25 AM,2.03,2500,5075,ASX,XT
10:33:54 AM,2.03,987,2003.61,ASX,
10:33:52 AM,2.03,1514,3073.42,ASX,
10:33:51 AM,2.02,4293,8671.86,ASX,
10:33:51 AM,2.02,33018,66696.36,ASX,XT
10:33:51 AM,2.02,9689,19571.78,ASX,XT
10:33:51 AM,2.02,100,202,CXA,
10:33:51 AM,2.02,900,1818,CXA,
10:33:51 AM,2.02,2000,4040,CXA,
10:33:37 AM,2.02,1000,2020,CXA,
10:33:23 AM,2.01,480,964.8,ASX,
10:33:22 AM,2.01,200,402,ASX,
10:33:22 AM,2.01,800,1608,ASX,
10:33:22 AM,2.01,4000,8040,ASX,
10:33:22 AM,2,658,1316,ASX,
10:32:54 AM,2.02,311,628.22,ASX,XT
10:32:54 AM,2.01,1689,3394.89,ASX,
10:32:54 AM,2.02,1000,2020,CXA,
10:32:54 AM,2.02,2000,4040,CXA,
10:32:28 AM,2.01,2311,4645.11,ASX,
10:32:28 AM,2.01,189,379.89,ASX,
10:32:22 AM,2.01,2311,4645.11,ASX,
10:32:22 AM,2.01,990,1989.9,ASX,
10:32:22 AM,2.01,515,1035.15,ASX,
10:32:22 AM,2.01,1094,2198.94,ASX,XT
10:32:22 AM,2.01,90,180.9,CXA,
10:32:19 AM,2,420,840,ASX,
10:32:19 AM,2,6004,12008,ASX,
10:32:01 AM,2,933,1866,ASX,
10:32:00 AM,2,4000,8000,ASX,
10:32:00 AM,2,1129,2258,ASX,
10:32:00 AM,2,7934,15868,ASX,
10:32:00 AM,2,2066,4132,ASX,
10:31:53 AM,2,5000,10000,ASX,
10:31:52 AM,2,954,1908,ASX,
10:31:52 AM,2,6508,13016,ASX,
10:31:52 AM,2,8492,16984,CXA,
10:31:42 AM,2,1008,2016,CXA,
10:31:42 AM,2,1000,2000,CXA,
10:31:08 AM,2,4500,9000,CXA,
10:31:06 AM,2,8072,16144,ASX,
10:31:06 AM,2,2316,4632,ASX,
10:30:37 AM,2,1684,3368,ASX,
10:30:37 AM,2,8316,16632,ASX,XT
10:30:26 AM,2,1046,2092,ASX,
10:29:52 AM,2,2800,5600,ASX,
10:29:52 AM,1.995,1129,2252.355,ASX,
10:29:51 AM,2,2326,4652,ASX,
10:29:51 AM,2,10000,20000,ASX,
10:29:51 AM,1.99,2674,5321.26,ASX,
10:29:38 AM,1.99,1426,2837.74,ASX,
10:28:58 AM,1.99,3931,7822.69,ASX,
10:28:58 AM,1.99,4257,8471.43,ASX,
10:28:58 AM,1.99,4228,8413.72,ASX,
10:28:58 AM,1.99,4250,8457.5,ASX,
10:28:58 AM,1.99,2265,4507.35,ASX,
10:28:45 AM,1.99,1016,2021.84,ASX,
10:28:44 AM,1.99,1277,2541.23,ASX,
10:28:44 AM,1.99,4000,7960,ASX,
10:28:44 AM,1.99,4945,9840.55,ASX,
10:28:44 AM,1.99,25000,49750,ASX,
10:28:24 AM,1.99,1012,2013.88,ASX,
10:28:24 AM,1.99,110,218.9,CXA,
10:28:23 AM,1.99,5000,9950,ASX,
10:28:05 AM,1.99,485,965.15,ASX,
10:28:05 AM,1.985,535,1061.975,ASX,
10:28:05 AM,1.985,1515,3007.275,ASX,
10:28:05 AM,1.985,485,962.725,CXA,
10:27:57 AM,1.985,1015,2014.775,CXA,
10:27:57 AM,1.98,1955,3870.9,ASX,
10:27:57 AM,1.98,15000,29700,ASX,
10:26:57 AM,1.98,72,142.56,CXA,
10:26:57 AM,1.98,1928,3817.44,CXA,
10:26:10 AM,1.98,1072,2122.56,CXA,
10:26:10 AM,1.98,20000,39600,ASX,
10:25:59 AM,1.98,497,984.06,ASX,
10:25:34 AM,1.98,2000,3960,ASX,
10:25:26 AM,1.96,3000,5880,CXA,
10:25:26 AM,1.96,1000,1960,CXA,
10:24:59 AM,1.96,500,980,CXA,
10:24:23 AM,1.98,3000,5940,ASX,
10:24:23 AM,1.97,1900,3743,CXA,
10:23:21 AM,1.975,2025,3999.375,ASX,
10:22:27 AM,1.96,902,1767.92,ASX,XT
10:22:27 AM,1.96,510,999.6,ASX,XT
10:22:27 AM,1.96,3600,7056,ASX,
10:22:27 AM,1.965,1088,2137.92,ASX,
10:22:27 AM,1.965,4000,7860,ASX,
10:22:27 AM,1.96,1900,3724,CXA,
10:21:46 AM,1.97,1000,1970,ASX,
10:21:36 AM,1.98,1092,2162.16,ASX,
10:21:36 AM,1.98,10000,19800,ASX,
10:20:59 AM,1.98,6456,12782.88,ASX,XT
10:20:59 AM,1.98,4000,7920,ASX,
10:20:59 AM,1.975,510,1007.25,ASX,
10:20:59 AM,1.975,750,1481.25,ASX,
10:20:59 AM,1.975,4874,9626.15,ASX,
10:20:59 AM,1.975,110,217.25,CXA,
10:20:59 AM,1.975,1300,2567.5,CXA,
10:20:39 AM,1.975,500,987.5,CXA,
10:19:41 AM,1.96,400,784,ASX,
10:18:11 AM,1.975,5100,10072.5,ASX,
10:17:36 AM,1.975,1170,2310.75,ASX,
10:17:36 AM,1.97,100,197,CXA,
10:17:36 AM,1.97,480,945.6,CXA,
10:17:36 AM,1.97,2000,3940,CXA,
10:17:31 AM,1.95,2550,4972.5,ASX,
10:17:31 AM,1.955,250,488.75,ASX,
10:16:58 AM,1.955,170,332.35,ASX,
10:16:58 AM,1.96,1080,2116.8,ASX,
10:16:58 AM,1.96,3750,7350,ASX,
10:16:45 AM,1.95,6820,13299,ASX,
10:16:45 AM,1.955,10000,19550,ASX,XT
10:16:45 AM,1.955,968,1892.44,ASX,
10:15:47 AM,1.96,505,989.8,ASX,
10:15:42 AM,1.955,2000,3910,CXA,
10:15:41 AM,1.95,1242,2421.9,ASX,
10:15:41 AM,1.95,2500,4875,ASX,XT
10:15:41 AM,1.95,500,975,ASX,
10:15:41 AM,1.955,1205,2355.775,ASX,
10:15:41 AM,1.955,11144,21786.52,ASX,
10:15:41 AM,1.955,600,1173,ASX,
10:15:41 AM,1.96,470,921.2,ASX,
10:15:41 AM,1.96,4000,7840,ASX,
10:15:41 AM,1.97,1139,2243.83,ASX,
10:15:30 AM,1.98,1102,2181.96,ASX,
10:15:29 AM,1.98,2840,5623.2,ASX,
10:15:29 AM,1.98,8400,16632,ASX,
10:15:29 AM,1.98,2450,4851,ASX,
10:15:29 AM,1.975,4000,7900,ASX,
10:15:29 AM,1.97,1500,2955,ASX,
10:15:29 AM,1.975,4500,8887.5,CXA,
10:15:29 AM,1.97,110,216.7,CXA,
10:15:29 AM,1.97,3200,6304,CXA,
10:15:28 AM,1.96,1371,2687.16,ASX,
10:15:28 AM,1.96,2000,3920,ASX,
10:15:18 AM,1.955,13144,25696.52,ASX,
10:15:18 AM,1.955,3420,6686.1,ASX,
10:15:18 AM,1.955,80,156.4,CXA,
10:15:18 AM,1.955,1556,3041.98,CXA,
10:15:18 AM,1.955,1800,3519,CXA,
10:15:15 AM,1.96,1200,2352,CXA,
10:15:12 AM,1.96,1200,2352,ASX,
10:15:10 AM,1.96,1800,3528,ASX,
10:15:10 AM,1.96,187,366.52,ASX,
10:15:10 AM,1.96,1192,2336.32,ASX,
10:15:10 AM,1.96,1500,2940,ASX,
10:15:10 AM,1.96,1035,2028.6,ASX,
10:15:10 AM,1.96,10000,19600,ASX,
10:15:10 AM,1.96,400,784,CXA,
10:14:21 AM,1.955,3200,6256,CXA,
10:13:12 AM,1.965,550,1080.75,ASX,
10:13:12 AM,1.965,829,1628.985,ASX,
10:13:12 AM,1.955,13971,27313.305,ASX,XT
10:13:12 AM,1.96,2551,4999.96,ASX,XT
10:13:12 AM,1.96,1500,2940,ASX,
10:13:12 AM,1.96,1978,3876.88,ASX,
10:13:02 AM,1.965,3900,7663.5,ASX,
10:13:02 AM,1.96,2136,4186.56,CXA,
10:13:02 AM,1.965,1414,2778.51,CXA,
10:13:02 AM,1.965,550,1080.75,CXA,
10:12:49 AM,1.96,8226,16122.96,ASX,
10:12:37 AM,1.96,4000,7840,ASX,
10:12:37 AM,1.96,6152,12057.92,ASX,
10:12:16 AM,1.97,1000,1970,ASX,
10:12:00 AM,1.975,500,987.5,CXA,
10:11:56 AM,1.955,2609,5100.595,ASX,XT
10:11:56 AM,1.955,600,1173,ASX,XT
10:11:56 AM,1.96,4000,7840,ASX,
10:11:55 AM,1.955,1011,1976.505,CXA,
10:11:55 AM,1.96,963,1887.48,CXA,
10:11:55 AM,1.965,80,157.2,CXA,
10:11:44 AM,1.97,1709,3366.73,ASX,
10:11:42 AM,1.97,4100,8077,ASX,
10:11:42 AM,1.97,100,197,CXA,
10:11:42 AM,1.97,800,1576,CXA,
10:11:42 AM,1.96,527,1032.92,ASX,
10:11:42 AM,1.96,1498,2936.08,ASX,
10:11:42 AM,1.96,4000,7840,ASX,
10:11:42 AM,1.96,4654,9121.84,ASX,
10:11:42 AM,1.96,3746,7342.16,ASX,
10:11:42 AM,1.96,237,464.52,CXA,
10:11:40 AM,1.955,4500,8797.5,ASX,
10:11:35 AM,1.96,10000,19600,ASX,
10:11:35 AM,1.96,2000,3920,ASX,
10:11:35 AM,1.96,5000,9800,ASX,
10:11:35 AM,1.96,2550,4998,ASX,
10:11:35 AM,1.96,100,196,CXA,
10:11:35 AM,1.96,925,1813,CXA,
10:11:35 AM,1.96,5000,9800,CXA,
10:11:31 AM,1.965,1010,1984.65,CXA,
10:11:22 AM,1.97,1050,2068.5,ASX,
10:11:16 AM,1.98,606,1199.88,ASX,
10:11:16 AM,1.98,2500,4950,ASX,
10:11:16 AM,1.98,15000,29700,ASX,
10:11:16 AM,1.98,777,1538.46,ASX,
10:11:16 AM,1.98,1000,1980,ASX,
10:11:16 AM,1.98,505,999.9,ASX,
10:11:16 AM,1.98,1000,1980,ASX,
10:11:16 AM,1.98,15000,29700,ASX,
10:11:16 AM,1.98,1808,3579.84,ASX,
10:11:16 AM,1.98,1119,2215.62,CXA,
10:10:49 AM,1.98,4000,7920,ASX,
10:10:49 AM,1.98,6192,12260.16,ASX,
10:10:49 AM,1.98,1357,2686.86,ASX,
10:10:49 AM,1.98,6641,13149.18,ASX,
10:10:49 AM,1.98,3704,7333.92,CXA,
10:10:33 AM,1.98,804,1591.92,ASX,
10:10:33 AM,1.98,1444,2859.12,ASX,
10:10:33 AM,1.98,1111,2199.78,ASX,XT
10:10:33 AM,1.98,15000,29700,ASX,XT
10:10:33 AM,1.98,5000,9900,ASX,
10:10:33 AM,1.98,1577,3122.46,ASX,
10:10:33 AM,1.98,420,831.6,CXA,
10:10:33 AM,1.98,80,158.4,CXA,
10:10:19 AM,1.985,420,833.7,CXA,
10:10:19 AM,1.985,80,158.8,CXA,
10:10:03 AM,1.98,3423,6777.54,ASX,
10:10:03 AM,1.98,1000,1980,ASX,
10:10:03 AM,1.98,1250,2475,ASX,
10:10:03 AM,1.98,3000,5940,ASX,
10:10:03 AM,1.98,80,158.4,CXA,
10:10:03 AM,1.98,1247,2469.06,CXA,
10:09:28 AM,1.985,4000,7940,ASX,
10:09:15 AM,1.99,1496,2977.04,ASX,
10:09:15 AM,1.99,994,1978.06,ASX,
10:09:15 AM,1.99,3000,5970,ASX,
10:09:01 AM,2,10000,20000,ASX,
10:09:01 AM,2,545,1090,ASX,
10:09:01 AM,2,500,1000,ASX,
10:09:01 AM,2,4567,9134,ASX,
10:09:01 AM,2,15000,30000,ASX,
10:09:01 AM,2,5433,10866,ASX,
10:09:01 AM,2,2500,5000,ASX,
10:09:01 AM,2,495,990,ASX,
10:09:01 AM,2,1000,2000,ASX,
10:09:01 AM,2,5000,10000,ASX,
10:09:01 AM,2,6972,13944,ASX,
10:09:01 AM,2,8028,16056,ASX,XT
10:09:01 AM,2,500,1000,ASX,XT
10:09:01 AM,2,1000,2000,ASX,
10:09:01 AM,2,3347,6694,ASX,XT
10:09:01 AM,2,6653,13306,ASX,
10:09:01 AM,2,1500,3000,ASX,
10:09:01 AM,2,847,1694,ASX,
10:09:01 AM,2,457,914,ASX,
10:09:01 AM,2,3140,6280,ASX,
10:09:01 AM,2,879,1758,ASX,
10:09:01 AM,2,2121,4242,ASX,
10:09:01 AM,2,1500,3000,ASX,
10:09:01 AM,2,1379,2758,ASX,
10:09:01 AM,2,556,1112,ASX,
10:09:01 AM,2,3000,6000,ASX,
10:09:01 AM,2,10000,20000,ASX,
10:09:01 AM,2,8822,17644,ASX,
10:09:01 AM,2,1178,2356,ASX,
10:09:01 AM,2,2500,5000,ASX,
10:09:01 AM,2,500,1000,ASX,
10:09:01 AM,2,5000,10000,ASX,
10:09:01 AM,2,5000,10000,ASX,XT
10:09:01 AM,2,4831,9662,ASX,XT
10:09:01 AM,2,169,338,ASX,
10:09:01 AM,2,4995,9990,ASX,
10:09:01 AM,2,2500,5000,ASX,
10:09:01 AM,2,500,1000,ASX,
10:09:01 AM,2,1000,2000,ASX,
10:09:01 AM,2,990,1980,ASX,
10:09:01 AM,2,4000,8000,ASX,
10:09:01 AM,2,846,1692,ASX,
10:09:01 AM,2,154,308,ASX,
10:09:01 AM,2,5000,10000,ASX,
10:09:01 AM,2,500,1000,ASX,
10:09:01 AM,2,500,1000,ASX,
10:09:01 AM,2,492,984,ASX,
10:09:01 AM,2,8026,16052,ASX,
10:09:01 AM,2,19974,39948,ASX,
10:09:01 AM,2,1000,2000,ASX,
10:09:01 AM,2,1000,2000,ASX,
10:09:01 AM,2,35,70,ASX,
10:09:01 AM,2,4965,9930,ASX,
10:09:01 AM,2,500,1000,ASX,XT
10:09:01 AM,2,10000,20000,ASX,
10:09:01 AM,2,2000,4000,ASX,XT
10:09:01 AM,2,2535,5070,ASX,
10:09:01 AM,2,17465,34930,ASX,
10:09:01 AM,2,1200,2400,ASX,
10:09:01 AM,2,5601,11202,ASX,
10:09:01 AM,2,4399,8798,ASX,XT
10:09:01 AM,2,1000,2000,ASX,
10:09:01 AM,2,1000,2000,ASX,
10:09:01 AM,2,3000,6000,ASX,
10:09:01 AM,2,497,994,ASX,
10:09:01 AM,2,10100,20200,ASX,
10:09:01 AM,2,1000,2000,ASX,
10:09:01 AM,2,2477,4954,ASX,
10:09:01 AM,2,5000,10000,ASX,
10:09:01 AM,2,297,594,ASX,
10:09:01 AM,2,2455,4910,ASX,
10:09:01 AM,2,1000,2000,ASX,
10:09:01 AM,2,10697,21394,ASX,XT
10:09:01 AM,2,303,606,ASX,
10:09:01 AM,2,10000,20000,ASX,
10:09:01 AM,2,10616,21232,ASX,
10:09:01 AM,2,6000,12000,ASX,
10:09:01 AM,2,10000,20000,ASX,
10:09:01 AM,2,3190,6380,ASX,
10:09:01 AM,2,6810,13620,ASX,
10:09:01 AM,2,1000,2000,ASX,
10:09:01 AM,2,7073,14146,ASX,
10:09:01 AM,2,1455,2910,ASX,XT
10:09:01 AM,2,2912,5824,ASX,
10:09:01 AM,2,250,500,ASX,
